population,relative_freq,relative_freq,relative_freq,relative_freq,relative_freq,relative_freq,relative_freq,relative_freq
,count,mean,std,min,25%,50%,75%,max
b_cell,975.0,0.09996319710875161,0.031176530420924182,0.02060780090930845,0.07809236131081215,0.09788394525529015,0.11816010527638153,0.21300051225134467
cd4_t_cell,975.0,0.2990226177625406,0.048238645651674544,0.16150207548991216,0.26494128235319997,0.2965760700451731,0.33183107775203635,0.45266243566425446
cd8_t_cell,975.0,0.2494392435752586,0.044172662506514915,0.1116667129668213,0.2186059371153242,0.24603067146867416,0.27861284055989255,0.38056470099902834
monocyte,975.0,0.20084327940698324,0.04010923839606721,0.09559223473797679,0.17199381095929694,0.19942332781511407,0.22826238763912493,0.3415009609866737
nk_cell,975.0,0.1507316621464659,0.03767386057981844,0.05627378785371504,0.1241437776335198,0.14799142593764925,0.1756174996855447,0.30257074163121883
