population,pval,significant
b_cell,0.34579575361837356,no
cd4_t_cell,0.012422106237428315,yes
cd8_t_cell,0.6221436939857599,no
monocyte,0.26449173372700063,no
nk_cell,0.12674471572310064,no
