population,original_pval,adjusted_pval,significant
b_cell,0.34579575361837356,0.43224469202296695,no
cd4_t_cell,0.012422106237428315,0.06211053118714158,no
cd8_t_cell,0.6221436939857599,0.6221436939857599,no
monocyte,0.26449173372700063,0.43224469202296695,no
nk_cell,0.12674471572310064,0.3168617893077516,no
